﻿<?xml version="1.0" encoding="UTF-8" standalone="yes"?>
	<addon id="script.aeonmq5.extrapack" name="Aeon MQ 5 extrapack" version="1.1.0" provider-name="malte, Wanilton, MarcosQui, gfjardim">
	<requires>
	<import addon="xbmc.python" version="2.13.0"/>
	<import addon="xbmc.addon" version="12.9.10"/>
	</requires>
	<extension point="xbmc.python.script" library="default.py">
	<provides>executable</provides>
	</extension>
	<extension point="xbmc.addon.metadata">
	<language/>
	<summary lang="en">Aeon MQ 5 extrapack</summary>
	<summary lang="pt_BR">Aeon MQ 5 extrapack</summary>
	<description lang="en">Downloads extras from skin Aeon MQ 5</description>
	<description lang="pt_BR">Pacote extra para a skin Aeon MQ 5</description>
	<platform>all</platform>
	</extension>
</addon>
