<?xml version="1.0" encoding="UTF-8" standalone="yes"?>
<addon id="script.randomandlastitems" name="Random and Last items script" version="2.2.1" provider-name="MikeBZH44, Martijn, `Black">
    <requires>
        <import addon="xbmc.python" version="2.1.0"/>
        <import addon="xbmc.json" version="6.0.0"/>
        <import addon="script.module.simplejson" version="2.0.10"/>
    </requires>
    <extension point="xbmc.python.library" library="randomandlastitems.py" />
    <extension point="xbmc.addon.metadata">
        <summary lang="en">Random And Last Items script</summary>
        <description lang="en">
Script to get Random or Last added movies, episodes, albums or music videos from the database.
Can optionnaly handle playlist to filter results.
        </description>
        <summary lang="fr">Random And Last Items script</summary>
        <description lang="fr">
Script qui retourne, soit de manière aléatoire, soit les derniers ajouts, les films, épisodes, albums ou clips de la base de données.
Il peut optionnellement gerer les playlistes pour filtrer les resultats.
        </description>
        <platform>all</platform>
        <website></website>
        <source>https://github.com/XBMC-Addons/script.randomandlastitems</source>
        <forum>http://forum.xbmc.org/showthread.php?tid=122448</forum>
        <email></email>
    </extension>
</addon>
