	<!-- Aeon MQ 5 -->

	<window id="621" type="dialog">
	<defaultcontrol>-</defaultcontrol>
	<onload condition="SubString(skin.string(gamevideo_seconds),0)">SetFocus(9061)</onload>
	<onload condition="SubString(skin.string(gamevideo_seconds),1)">SetFocus(9062)</onload>
	<onload condition="SubString(skin.string(gamevideo_seconds),2)">SetFocus(9063)</onload>
	<onload condition="SubString(skin.string(gamevideo_seconds),3)">SetFocus(9064)</onload>
	<onload condition="SubString(skin.string(gamevideo_seconds),4)">SetFocus(9065)</onload>
	<onload condition="SubString(skin.string(gamevideo_seconds),5)">SetFocus(9066)</onload>
	<controls>
	<control type="group">
	<include>Animation_DialogPopup</include>
	<control type="grouplist" id="9060">
	<posx>410</posx>
	<posy>280</posy>
	<width>454</width>
	<height max="670">auto</height>
	<itemgap>0</itemgap>
	<onleft>Dialog.Close(621)</onleft>
	<onright>Dialog.Close(621)</onright>
	<control type="radiobutton" id="9061"><!-- 0s -->
	<include>DialogContext_Button</include>
	<label>31692</label>
	<onclick>Skin.SetString(gamevideo_seconds,0)</onclick>
	<onclick>Dialog.Close(621)</onclick>
	</control>
	<control type="radiobutton" id="9062"><!-- 1s -->
	<include>DialogContext_Button</include>
	<label>31465</label>
	<onclick>Skin.SetString(gamevideo_seconds,1)</onclick>
	<onclick>Dialog.Close(621)</onclick>
	</control>
	<control type="radiobutton" id="9063"><!-- 2s -->
	<include>DialogContext_Button</include>
	<label>31466</label>
	<onclick>Skin.SetString(gamevideo_seconds,2)</onclick>
	<onclick>Dialog.Close(621)</onclick>
	</control>
	<control type="radiobutton" id="9064"><!-- 3s -->
	<include>DialogContext_Button</include>
	<label>31467</label>
	<onclick>Skin.SetString(gamevideo_seconds,3)</onclick>
	<onclick>Dialog.Close(621)</onclick>
	</control>
	<control type="radiobutton" id="9065"><!-- 4s -->
	<include>DialogContext_Button</include>
	<label>31468</label>
	<onclick>Skin.SetString(gamevideo_seconds,4)</onclick>
	<onclick>Dialog.Close(621)</onclick>
	</control>
	<control type="radiobutton" id="9066"><!-- 5s -->
	<include>DialogContext_Button</include>
	<label>31469</label>
	<onclick>Skin.SetString(gamevideo_seconds,5)</onclick>
	<onclick>Dialog.Close(621)</onclick>
	</control>
	</control>
	</control>
	</controls>
	</window>