	<!-- Aeon MQ 5 -->

	<window>
	<defaultcontrol always="true">20</defaultcontrol>
	<coordinates>
	<system>1</system>
	</coordinates>
	<controls>
	<control type="group">
	<include>Animation_DialogPopup</include>
	<control type="image">
	<posx>110</posx>
	<posy>0</posy>
	<width>30</width>
	<height>720</height>
	<texture flipx="true">shadow.png</texture>
	<colordiffuse>C3FFFFFF</colordiffuse>
	</control>
	<control type="image">
	<posx>1140</posx>
	<posy>0</posy>
	<width>30</width>
	<height>720</height>
	<texture>shadow.png</texture>
	<colordiffuse>C3FFFFFF</colordiffuse>
	</control>
	<control type="image">
	<posx>140</posx>
	<posy>0</posy>
	<width>1000</width>
	<height>720</height>
	<texture>darkgrey.png</texture>
	<colordiffuse>$VAR[value_texturecolor]</colordiffuse>
	<animation effect="fade" end="85" condition="true">Conditional</animation>
	</control>
	<control type="image">
	<posx>140</posx>
	<posy>0</posy>
	<width>1000</width>
	<height>80</height>
	<texture>black.png</texture>
	<colordiffuse>90FFFFFF</colordiffuse>
	</control>
	<control type="label">
	<posx>215</posx>
	<posy>23</posy>
	<width>852</width>
	<height>30</height>
	<label>$LOCALIZE[19199] - $LOCALIZE[19023]</label>
	<font>Font_32</font>
	<textcolor>FFFFFAF0</textcolor>
	<align>center</align>
	<aligny>center</aligny>
	<include>Animation_Fade</include>
	<visible>IsEmpty(Window.Property(IsRadio))</visible>
	</control>
	<control type="label">
	<posx>215</posx>
	<posy>23</posy>
	<width>852</width>
	<height>30</height>
	<label>$LOCALIZE[19199] - $LOCALIZE[19024]</label>
	<font>Font_32</font>
	<textcolor>FFFFFAF0</textcolor>
	<align>center</align>
	<aligny>center</aligny>
	<include>Animation_Fade</include>
	<visible>!IsEmpty(Window.Property(IsRadio))</visible>
	</control>
	<control type="image">
	<posx>600</posx>
	<posy>100</posy>
	<width>35</width>
	<height>440</height>
	<texture>grey.png</texture>
	<colordiffuse>20FFFFFF</colordiffuse>
	</control>	
	<control type="list" id="20">
	<posx>140</posx>
	<posy>100</posy>
	<width>500</width>
	<height>440</height>
	<onup>20</onup>
	<ondown>20</ondown>
	<onleft>60</onleft>
	<onright>9002</onright>
	<pagecontrol>60</pagecontrol>
	<scrolltime>200</scrolltime>
	<itemgap>0</itemgap>
	<itemlayout height="30" width="500">
	<control type="image">
	<posx>30</posx>
	<posy>2</posy>
	<width>26</width>
	<height>26</height>
	<texture fallback="DefaultVideoCover.png" background="true">$INFO[ListItem.Property(Icon)]</texture>
	<visible>ListItem.Property(ActiveChannel)</visible>
	</control>
	<control type="image">
	<posx>30</posx>
	<posy>2</posy>
	<width>26</width>
	<height>26</height>
	<colordiffuse>50FFFAF0</colordiffuse>
	<texture fallback="DefaultVideoCover.png" background="true">$INFO[ListItem.Property(Icon)]</texture>
	<visible>!ListItem.Property(ActiveChannel)</visible>
	</control>
	<control type="label">
	<posx>65</posx>
	<posy>0</posy>
	<width>390</width>
	<height>30</height>
	<font>Font_18</font>
	<align>left</align>
	<aligny>center</aligny>
	<textcolor>FFFFFAF0</textcolor>
	<selectedcolor>$VAR[value_headercolor]</selectedcolor>
	<label>$INFO[ListItem.Property(Number),(,) - ]$INFO[ListItem.Property(Name)]</label>
	<visible>ListItem.Property(ActiveChannel)</visible>
	</control>
	<control type="label">
	<posx>65</posx>
	<posy>0</posy>
	<width>390</width>
	<height>30</height>
	<font>Font_18</font>
	<align>left</align>
	<aligny>center</aligny>
	<textcolor>50FFFAF0</textcolor>
	<selectedcolor>$VAR[value_headercolor]</selectedcolor>
	<label>$INFO[ListItem.Property(Number),(,) - ]$INFO[ListItem.Property(Name)]</label>
	<visible>!ListItem.Property(ActiveChannel)</visible>
	</control>
	<control type="image">
	<posx>468</posx>
	<posy>5</posy>
	<width>22</width>
	<height>22</height>
	<texture>OverlayWatched.png</texture>
	<colordiffuse>$VAR[value_headercolor]</colordiffuse>
	<visible>ListItem.Property(Changed)</visible>
	</control>
	</itemlayout>
	<focusedlayout height="50" width="500">
	<control type="image">
	<posx>0</posx>
	<posy>0</posy>
	<width>500</width>
	<height>50</height>
	<texture>settings_button_focus.png</texture>
	<animation effect="fade" start="100" end="50" time="50" condition="!Control.Hasfocus(20)">conditional</animation>
	</control>
	<control type="image">
	<posx>30</posx>
	<posy>0</posy>
	<width>50</width>
	<height>50</height>
	<texture>black.png</texture>
	<animation effect="fade" end="70" condition="true">Conditional</animation>
	</control>
	<control type="image">
	<posx>35</posx>
	<posy>5</posy>
	<width>40</width>
	<height>40</height>
	<texture fallback="DefaultVideoCover.png" background="true">$INFO[ListItem.Property(Icon)]</texture>
	<visible>ListItem.Property(ActiveChannel)</visible>
	</control>
	<control type="image">
	<posx>35</posx>
	<posy>5</posy>
	<width>40</width>
	<height>40</height>
	<colordiffuse>50FFFAF0</colordiffuse>
	<texture fallback="DefaultVideoCover.png" background="true">$INFO[ListItem.Property(Icon)]</texture>
	<visible>!ListItem.Property(ActiveChannel)</visible>
	</control>
	<control type="label">
	<posx>90</posx>
	<posy>1</posy>
	<width>365</width>
	<height>30</height>
	<font>Font_22</font>
	<align>left</align>
	<aligny>center</aligny>
	<textcolor>FF101010</textcolor>
	<selectedcolor>$VAR[value_headercolor]</selectedcolor>
	<label>$INFO[ListItem.Property(Number),(,) - ]$INFO[ListItem.Property(Name)]</label>
	<visible>ListItem.Property(ActiveChannel)</visible>
	</control>
	<control type="label">
	<posx>90</posx>
	<posy>1</posy>
	<width>365</width>
	<height>30</height>
	<font>Font_22</font>
	<align>left</align>
	<aligny>center</aligny>
	<textcolor>50101010</textcolor>
	<selectedcolor>$VAR[value_headercolor]</selectedcolor>
	<label>$INFO[ListItem.Property(Number),(,) - ]$INFO[ListItem.Property(Name)]</label>
	<visible>!ListItem.Property(ActiveChannel)</visible>
	</control>
	<control type="label">
	<posx>90</posx>
	<posy>22</posy>
	<width>365</width>
	<height>30</height>
	<font>Font_18A</font>
	<align>left</align>
	<aligny>center</aligny>
	<textcolor>FF101010</textcolor>
	<selectedcolor>$VAR[value_headercolor]</selectedcolor>
	<label>$LOCALIZE[19210]: $INFO[ListItem.Property(ClientName)]</label>
	</control>
	<control type="image">
	<posx>468</posx>
	<posy>5</posy>
	<width>22</width>
	<height>22</height>
	<texture>OverlayWatched.png</texture>
	<colordiffuse>$VAR[value_headercolor]</colordiffuse>
	<visible>ListItem.Property(Changed)</visible>
	</control>
	</focusedlayout>
	</control>
	<control type="scrollbar" id="60">
	<include>ScrollBar_Vertical</include>
	<posx>140</posx>
	<posy>100</posy>
	<height>442</height>
	<onleft>4</onleft>
	<onright>20</onright>
	<ondown>60</ondown>
	<onup>60</onup>
	</control>
	<control type="label">
	<posx>150</posx>
	<posy>555</posy>
	<width>400</width>
	<height>20</height>
	<font>Font_18</font>
	<align>left</align>
	<aligny>center</aligny>
	<scroll>true</scroll>
	<textcolor>$VAR[value_headercolor]</textcolor>
	<label>$INFO[Container(20).NumItems] $LOCALIZE[19019] - $LOCALIZE[31757] $INFO[Container(20).CurrentPage]/$INFO[Container(20).NumPages]</label>
	</control>

	<control type="group" id="9002">
	<control type="group">
	<posx>640</posx>
	<posy>100</posy>
	<control type="label">
	<posx>30</posx>
	<posy>10</posy>
	<width>500</width>
	<height>20</height>
	<font>Font_18</font>
	<textcolor>$VAR[value_headercolor]</textcolor>
	<label>$LOCALIZE[31763] - $LOCALIZE[31011]</label>
	</control>
	<control type="radiobutton" id="7"><!-- Channel activated -->
	<textoffsetx>40</textoffsetx>
	<include>PVRSearchButton</include>
	<posx>0</posx>
	<posy>35</posy>
	<label>19074</label>
	<onleft>20</onleft>
	<onright>4</onright>
	<onup>9000</onup>
	<ondown>8</ondown>
	</control>
	<control type="edit" id="8"><!-- Channel name -->
	<textoffsetx>40</textoffsetx>
	<include>PVRSearchButton</include>
	<posx>0</posx>
	<posy>65</posy>
	<label>19201</label>
	<onright>4</onright>
	<onleft>20</onleft>
	<onup>7</onup>
	<ondown>9</ondown>
	</control>
	<control type="button" id="9"><!-- Channel logo -->
	<textoffsetx>40</textoffsetx>
	<include>PVRSearchButton</include>
	<posx>0</posx>
	<posy>95</posy>
	<label>19202</label>
	<onleft>20</onleft>
	<onright>4</onright>
	<onup>8</onup>
	<ondown>12</ondown>
	</control>
	<control type="image">
	<posx>425</posx>
	<posy>95</posy>
	<width>35</width>
	<height>30</height>
	<texture>black.png</texture>
	<animation effect="fade" end="70" condition="true">Conditional</animation>
	<visible>Control.HasFocus(9)</visible>
	</control>
	<control type="image" id="10">
	<posx>430</posx>
	<posy>97</posy>
	<width>26</width>
	<height>26</height>
	<aspectratio>keep</aspectratio>
	<texture fallback="DefaultVideoCover.png" background="true">$INFO[ListItem.Property(Icon)]</texture>
	</control>
	<control type="radiobutton" id="12"><!-- EPG activated -->
	<textoffsetx>40</textoffsetx>
	<include>PVRSearchButton</include>
	<posx>0</posx>
	<posy>125</posy>
	<label>19206</label>
	<onleft>20</onleft>
	<onright>4</onright>
	<onup>9</onup>
	<ondown>13</ondown>
	</control>
	<control type="spincontrolex" id="13"><!-- EPG source -->
	<textoffsetx>40</textoffsetx>
	<include>PVRSearchButton</include>
	<posx>0</posx>
	<posy>155</posy>
	<label>19200</label>
	<onright>4</onright>
	<onleft>20</onleft>
	<onup>12</onup>
	<ondown>30</ondown>
	</control>
	</control>
	<control type="group">
	<posx>640</posx>
	<posy>300</posy>
	<control type="label">
	<posx>30</posx>
	<posy>5</posy>
	<width>380</width>
	<height>20</height>
	<font>Font_18</font>
	<textcolor>$VAR[value_headercolor]</textcolor>
	<label>$LOCALIZE[31375]</label>
	</control>
	<control type="button" id="30"><!-- Group Manager -->
	<textoffsetx>40</textoffsetx>
	<include>PVRSearchButton</include>
	<posx>0</posx>
	<posy>30</posy>
	<label>19205</label>
	<onleft>20</onleft>
	<onright>34</onright>
	<onup>13</onup>
	<ondown>31</ondown>
	</control>
	<control type="button" id="34"><!-- TV/Radio -->
	<textoffsetx>40</textoffsetx>
	<include>PVRSearchButton</include>
	<posx>223</posx>
	<posy>30</posy>
	<label>19024</label>
	<onleft>30</onleft>
	<onright>4</onright>
	<onup>13</onup>
	<ondown>31</ondown>
	<visible>IsEmpty(Window.Property(IsRadio))</visible>
	</control>
	<control type="button" id="34"><!-- TV/Radio -->
	<textoffsetx>40</textoffsetx>
	<include>PVRSearchButton</include>
	<posx>223</posx>
	<posy>30</posy>
	<label>19023</label>
	<onleft>30</onleft>
	<onright>4</onright>
	<onup>13</onup>
	<ondown>31</ondown>
	<visible>!IsEmpty(Window.Property(IsRadio))</visible>
	</control>
	<control type="button" id="31"><!-- Edit channel -->
	<textoffsetx>40</textoffsetx>
	<include>PVRSearchButton</include>
	<posx>0</posx>
	<posy>60</posy>
	<label>19203</label>
	<onleft>20</onleft>
	<onright>4</onright>
	<onup>30</onup>
	<ondown>32</ondown>
	</control>
	<control type="button" id="32"><!-- Delete channel -->
	<textoffsetx>40</textoffsetx>
	<include>PVRSearchButton</include>
	<posx>0</posx>
	<posy>90</posy>
	<label>19211</label>
	<onleft>20</onleft>
	<onright>4</onright>
	<onup>31</onup>
	<ondown>33</ondown>
	</control>
	<control type="button" id="33"><!-- New channel -->
	<textoffsetx>40</textoffsetx>
	<include>PVRSearchButton</include>
	<posx>0</posx>
	<posy>120</posy>
	<label>19204</label>
	<onleft>20</onleft>
	<onright>4</onright>
	<onup>32</onup>
	<ondown>9000</ondown>
	</control>
	</control>
	</control>
	<control type="image">
	<posx>640</posx>
	<posy>82</posy>
	<width>2</width>
	<height>458</height>
	<texture>separator_v.png</texture>
	</control>
	<control type="image">
	<posx>140</posx>
	<posy>600</posy>
	<height>40</height>
	<width>1000</width>
	<texture>black.png</texture>
	<colordiffuse>90FFFFFF</colordiffuse>
	</control>	
	<control type="grouplist" id="9000">
	<posx>140</posx>
	<posy>600</posy>
	<onup>9</onup>
	<ondown>9</ondown>
	<orientation>horizontal</orientation>
	<itemgap>0</itemgap>
	<control type="button" id="4"><!-- OK -->
	<width>333</width>
	<include>SettingsBottomButton</include>
	<label>186</label>
	</control>
	<control type="button" id="5"><!-- Aplicar -->
	<width>333</width>
	<include>SettingsBottomButton</include>
	<label>14070</label>
	</control>
	<control type="button" id="6"><!-- Cancelar -->
	<width>333</width>
	<include>SettingsBottomButton</include>
	<label>222</label>
	</control>
	</control>
	</control>
	</controls>
	</window>