	<!-- Aeon MQ 5 -->

	<window id="103">
	<defaultcontrol always="true">300</defaultcontrol>
	<zorder>4</zorder>
	<controls>
	<control type="group"><!-- Default group -->
	<include>Animation_DialogPopup</include>
	<visible>!Window.IsVisible(109)</visible>
	<control type="image">
	<posx>169</posx>
	<posy>138</posy>
	<width>30</width>
	<height>444</height>
	<texture flipx="true">shadow.png</texture>
	<colordiffuse>C3FFFFFF</colordiffuse>
	</control>
	<control type="image">
	<posx>1081</posx>
	<posy>138</posy>
	<width>30</width>
	<height>444</height>
	<texture>shadow.png</texture>
	<colordiffuse>C3FFFFFF</colordiffuse>
	</control>
	<control type="image">
	<posx>199</posx>
	<posy>139</posy>
	<width>882</width>
	<height>1</height>
	<texture>grey.png</texture>
	</control>
	<control type="image">
	<posx>199</posx>
	<posy>187</posy>
	<width>882</width>
	<height>1</height>
	<texture>grey.png</texture>
	</control>
	<control type="image" id="0">
	<posx>199</posx>
	<posy>138</posy>
	<width>882</width>
	<height>444</height>
	<texture>black.png</texture>
	<colordiffuse>E9FFFFFF</colordiffuse>
	</control>
	<control type="image">
	<posx>201</posx>
	<posy>140</posy>
	<width>878</width>
	<height>46</height>
	<texture>black.png</texture>
	<colordiffuse>90FFFFFF</colordiffuse>
	</control>
	<control type="label" id="311">
	<posx>280</posx>
	<posy>140</posy>
	<width>720</width>
	<height>46</height>
	<font>Font_23</font>
	<align>center</align>
	<aligny>center</aligny>
	</control>
	<control type="image">
	<posx>201</posx>
	<posy>540</posy>
	<width>878</width>
	<height>40</height>
	<texture>grey.png</texture>
	<colordiffuse>90FFFFFF</colordiffuse>
	</control>
	<control type="label" id="310">
	<description>Edit Text</description>
	<posx>211</posx>
	<posy>548</posy>
	<width>862</width>
	<height>22</height>
	<font>Font_24</font>
	<textcolor>FF101010</textcolor>
	<align>center</align>
	<aligny>center</aligny>
	<onleft>300</onleft>
	<onright>305</onright>
	<onup>32</onup>
	</control>
	<control type="group">
	<posx>201</posx>
	<posy>190</posy>
	<control type="button" id="300">
	<description>DONE button</description>
	<include>Objects_KeyboardDouble</include>
	<posx>0</posx>
	<posy>0</posy>
	<width>178</width>
	<height>68</height>
	<label>20177</label>
	<onleft>306</onleft>
	<onright>32</onright>
	<onup>304</onup>
	<ondown>307</ondown>
	</control>
	<control type="button" id="48">
	<description>'0' button</description>
	<include>Objects_KeyboardSingle</include>
	<posx>180</posx>
	<posy>0</posy>
	<width>68</width>
	<height>68</height>
	<onleft>300</onleft>
	<onright>49</onright>
	<onup>32</onup>
	<ondown>65</ondown>
	</control>
	<control type="button" id="49">
	<description>'1' button</description>
	<include>Objects_KeyboardSingle</include>
	<posx>250</posx>
	<posy>0</posy>
	<width>68</width>
	<height>68</height>
	<onleft>48</onleft>
	<onright>50</onright>
	<onup>32</onup>
	<ondown>66</ondown>
	</control>
	<control type="button" id="50">
	<description>'2' button</description>
	<include>Objects_KeyboardSingle</include>
	<posx>320</posx>
	<posy>0</posy>
	<width>68</width>
	<height>68</height>
	<onleft>49</onleft>
	<onright>51</onright>
	<onup>32</onup>
	<ondown>67</ondown>
	</control>
	<control type="button" id="51">
	<description>'3' button</description>
	<include>Objects_KeyboardSingle</include>
	<posx>390</posx>
	<posy>0</posy>
	<width>68</width>
	<height>68</height>
	<onleft>50</onleft>
	<onright>52</onright>
	<onup>32</onup>
	<ondown>68</ondown>
	</control>
	<control type="button" id="52">
	<description>'4' button</description>
	<include>Objects_KeyboardSingle</include>
	<posx>460</posx>
	<posy>0</posy>
	<width>68</width>
	<height>68</height>
	<onleft>51</onleft>
	<onright>53</onright>
	<onup>32</onup>
	<ondown>69</ondown>
	</control>
	<control type="button" id="53">
	<description>'5' button</description>
	<include>Objects_KeyboardSingle</include>
	<posx>530</posx>
	<posy>0</posy>
	<width>68</width>
	<height>68</height>
	<onleft>52</onleft>
	<onright>54</onright>
	<onup>32</onup>
	<ondown>70</ondown>
	</control>
	<control type="button" id="54">
	<description>'6' button</description>
	<include>Objects_KeyboardSingle</include>
	<posx>600</posx>
	<posy>0</posy>
	<width>68</width>
	<height>68</height>
	<onleft>53</onleft>
	<onright>55</onright>
	<onup>305</onup>
	<ondown>71</ondown>
	</control>
	<control type="button" id="55">
	<description>'7' button</description>
	<include>Objects_KeyboardSingle</include>
	<posx>670</posx>
	<posy>0</posy>
	<width>68</width>
	<height>68</height>
	<onleft>54</onleft>
	<onright>56</onright>
	<onup>305</onup>
	<ondown>72</ondown>
	</control>
	<control type="button" id="56">
	<description>'8' button</description>
	<include>Objects_KeyboardSingle</include>
	<posx>740</posx>
	<posy>0</posy>
	<width>68</width>
	<height>68</height>
	<onleft>55</onleft>
	<onright>57</onright>
	<onup>306</onup>
	<ondown>73</ondown>
	</control>
	<control type="button" id="57">
	<description>'9' button</description>
	<include>Objects_KeyboardSingle</include>
	<posx>810</posx>
	<posy>0</posy>
	<width>68</width>
	<height>68</height>
	<onleft>56</onleft>
	<onright>300</onright>
	<onup>306</onup>
	<ondown>74</ondown>
	</control>
	<control type="togglebutton" id="302">
	<description>SHIFT button</description>
	<posx>0</posx>
	<posy>70</posy>
	<width>178</width>
	<height>68</height>
	<label>20178</label>
	<onleft>74</onleft>
	<onright>65</onright>
	<onup>300</onup>
	<ondown>303</ondown>
	<texturenofocus>darkgrey.png</texturenofocus>
	<texturefocus>grey.png</texturefocus>
	<alttexturenofocus>grey.png</alttexturenofocus>
	<alttexturefocus>grey.png</alttexturefocus>
	<align>center</align>
	<aligny>center</aligny>
	<textoffsetx>0</textoffsetx>
	<font>Font_18A</font>
	</control>
	<control type="button" id="65">
	<description>'A' button</description>
	<include>Objects_KeyboardSingle</include>
	<posx>180</posx>
	<posy>70</posy>
	<width>68</width>
	<height>68</height>
	<onleft>302</onleft>
	<onright>66</onright>
	<onup>48</onup>
	<ondown>75</ondown>
	</control>
	<control type="button" id="66">
	<description>'B' button</description>
	<include>Objects_KeyboardSingle</include>
	<posx>250</posx>
	<posy>70</posy>
	<width>68</width>
	<height>68</height>
	<onleft>65</onleft>
	<onright>67</onright>
	<onup>49</onup>
	<ondown>76</ondown>
	</control>
	<control type="button" id="67">
	<description>'C' button</description>
	<include>Objects_KeyboardSingle</include>
	<posx>320</posx>
	<posy>70</posy>
	<width>68</width>
	<height>68</height>
	<onleft>66</onleft>
	<onright>68</onright>
	<onup>50</onup>
	<ondown>77</ondown>
	</control>
	<control type="button" id="68">
	<description>'D' button</description>
	<include>Objects_KeyboardSingle</include>
	<posx>390</posx>
	<posy>70</posy>
	<width>68</width>
	<height>68</height>
	<onleft>67</onleft>
	<onright>69</onright>
	<onup>51</onup>
	<ondown>78</ondown>
	</control>
	<control type="button" id="69">
	<description>'E' button</description>
	<include>Objects_KeyboardSingle</include>
	<posx>460</posx>
	<posy>70</posy>
	<width>68</width>
	<height>68</height>
	<onleft>68</onleft>
	<onright>70</onright>
	<onup>52</onup>
	<ondown>79</ondown>
	</control>
	<control type="button" id="70">
	<description>'F' button</description>
	<include>Objects_KeyboardSingle</include>
	<posx>530</posx>
	<posy>70</posy>
	<width>68</width>
	<height>68</height>
	<onleft>69</onleft>
	<onright>71</onright>
	<onup>53</onup>
	<ondown>80</ondown>
	</control>
	<control type="button" id="71">
	<description>'G' button</description>
	<include>Objects_KeyboardSingle</include>
	<posx>600</posx>
	<posy>70</posy>
	<width>68</width>
	<height>68</height>
	<onleft>70</onleft>
	<onright>72</onright>
	<onup>54</onup>
	<ondown>81</ondown>
	</control>
	<control type="button" id="72">
	<description>'H' button</description>
	<include>Objects_KeyboardSingle</include>
	<posx>670</posx>
	<posy>70</posy>
	<width>68</width>
	<height>68</height>
	<onleft>71</onleft>
	<onright>73</onright>
	<onup>55</onup>
	<ondown>82</ondown>
	</control>
	<control type="button" id="73">
	<description>'I' button</description>
	<include>Objects_KeyboardSingle</include>
	<posx>740</posx>
	<posy>70</posy>
	<width>68</width>
	<height>68</height>
	<onleft>72</onleft>
	<onright>74</onright>
	<onup>56</onup>
	<ondown>83</ondown>
	</control>
	<control type="button" id="74">
	<description>'J' button</description>
	<include>Objects_KeyboardSingle</include>
	<posx>810</posx>
	<posy>70</posy>
	<width>68</width>
	<height>68</height>
	<onleft>73</onleft>
	<onright>302</onright>
	<onup>57</onup>
	<ondown>84</ondown>
	</control>
	<control type="togglebutton" id="303">
	<description>CAPS LOCK button</description>
	<posx>0</posx>
	<posy>140</posy>
	<width>178</width>
	<height>68</height>
	<label>20179</label>
	<textwidth>150</textwidth>
	<onleft>84</onleft>
	<onright>75</onright>
	<onup>302</onup>
	<ondown>304</ondown>
	<texturenofocus>darkgrey.png</texturenofocus>
	<texturefocus>grey.png</texturefocus>
	<alttexturenofocus>black.png</alttexturenofocus>
	<alttexturefocus>grey.png</alttexturefocus>
	<align>center</align>
	<aligny>center</aligny>
	<textoffsetx>0</textoffsetx>
	<font>Font_18A</font>
	</control>
	<control type="button" id="75">
	<description>'K' button</description>
	<include>Objects_KeyboardSingle</include>
	<posx>180</posx>
	<posy>140</posy>
	<width>68</width>
	<height>68</height>
	<onleft>303</onleft>
	<onright>76</onright>
	<onup>65</onup>
	<ondown>85</ondown>
	</control>
	<control type="button" id="76">
	<description>'L' button</description>
	<include>Objects_KeyboardSingle</include>
	<posx>250</posx>
	<posy>140</posy>
	<width>68</width>
	<height>68</height>
	<onleft>75</onleft>
	<onright>77</onright>
	<onup>66</onup>
	<ondown>86</ondown>
	</control>
	<control type="button" id="77">
	<description>'M' button</description>
	<include>Objects_KeyboardSingle</include>
	<posx>320</posx>
	<posy>140</posy>
	<width>68</width>
	<height>68</height>
	<onleft>76</onleft>
	<onright>78</onright>
	<onup>67</onup>
	<ondown>87</ondown>
	</control>
	<control type="button" id="78">
	<description>'N' button</description>
	<include>Objects_KeyboardSingle</include>
	<posx>390</posx>
	<posy>140</posy>
	<width>68</width>
	<height>68</height>
	<onleft>77</onleft>
	<onright>79</onright>
	<onup>68</onup>
	<ondown>88</ondown>
	</control>
	<control type="button" id="79">
	<description>'O' button</description>
	<include>Objects_KeyboardSingle</include>
	<posx>460</posx>
	<posy>140</posy>
	<width>68</width>
	<height>68</height>
	<onleft>78</onleft>
	<onright>80</onright>
	<onup>69</onup>
	<ondown>89</ondown>
	</control>
	<control type="button" id="80">
	<description>'P' button</description>
	<include>Objects_KeyboardSingle</include>
	<posx>530</posx>
	<posy>140</posy>
	<width>68</width>
	<height>68</height>
	<onleft>79</onleft>
	<onright>81</onright>
	<onup>70</onup>
	<ondown>90</ondown>
	</control>
	<control type="button" id="81">
	<description>'Q' button</description>
	<include>Objects_KeyboardSingle</include>
	<posx>600</posx>
	<posy>140</posy>
	<width>68</width>
	<height>68</height>
	<onleft>80</onleft>
	<onright>82</onright>
	<onup>71</onup>
	<ondown>8</ondown>
	</control>
	<control type="button" id="82">
	<description>'R' button</description>
	<include>Objects_KeyboardSingle</include>
	<posx>670</posx>
	<posy>140</posy>
	<width>68</width>
	<height>68</height>
	<onleft>81</onleft>
	<onright>83</onright>
	<onup>72</onup>
	<ondown>8</ondown>
	</control>
	<control type="button" id="83">
	<description>'S' button</description>
	<include>Objects_KeyboardSingle</include>
	<posx>740</posx>
	<posy>140</posy>
	<width>68</width>
	<height>68</height>
	<onleft>82</onleft>
	<onright>84</onright>
	<onup>73</onup>
	<ondown>8</ondown>
	</control>
	<control type="button" id="84">
	<description>'T' button</description>
	<include>Objects_KeyboardSingle</include>
	<posx>810</posx>
	<posy>140</posy>
	<width>68</width>
	<height>68</height>
	<onleft>83</onleft>
	<onright>303</onright>
	<onup>74</onup>
	<ondown>8</ondown>
	</control>
	<control type="togglebutton" id="304">
	<description>Symbols button</description>
	<posx>0</posx>
	<posy>210</posy>
	<width>178</width>
	<height>68</height>
	<label>20180</label>
	<textwidth>150</textwidth>
	<onleft>8</onleft>
	<onright>85</onright>
	<onup>303</onup>
	<ondown>300</ondown>
	<texturenofocus>darkgrey.png</texturenofocus>
	<texturefocus>grey.png</texturefocus>
	<alttexturenofocus>grey.png</alttexturenofocus>
	<alttexturefocus>grey.png</alttexturefocus>
	<align>center</align>
	<aligny>center</aligny>
	<font>Font_18A</font>
	</control>
	<control type="button" id="85">
	<description>'U' button</description>
	<include>Objects_KeyboardSingle</include>
	<posx>180</posx>
	<posy>210</posy>
	<width>68</width>
	<height>68</height>
	<onleft>304</onleft>
	<onright>86</onright>
	<onup>75</onup>
	<ondown>32</ondown>
	</control>
	<control type="button" id="86">
	<description>'V' button</description>
	<posx>250</posx>
	<posy>210</posy>
	<width>68</width>
	<height>68</height>
	<onleft>85</onleft>
	<onright>87</onright>
	<onup>76</onup>
	<ondown>32</ondown>
	<include>Objects_KeyboardSingle</include>
	</control>
	<control type="button" id="87">
	<description>'W' button</description>
	<include>Objects_KeyboardSingle</include>
	<posx>320</posx>
	<posy>210</posy>
	<width>68</width>
	<height>68</height>
	<onleft>86</onleft>
	<onright>88</onright>
	<onup>77</onup>
	<ondown>32</ondown>
	</control>
	<control type="button" id="88">
	<description>'X' button</description>
	<include>Objects_KeyboardSingle</include>
	<posx>390</posx>
	<posy>210</posy>
	<width>68</width>
	<height>68</height>
	<onleft>87</onleft>
	<onright>89</onright>
	<onup>78</onup>
	<ondown>32</ondown>
	</control>
	<control type="button" id="89">
	<description>'Y' button</description>
	<include>Objects_KeyboardSingle</include>
	<posx>460</posx>
	<posy>210</posy>
	<width>68</width>
	<height>68</height>
	<onleft>88</onleft>
	<onright>90</onright>
	<onup>79</onup>
	<ondown>32</ondown>
	</control>
	<control type="button" id="90">
	<description>'Z' button</description>
	<include>Objects_KeyboardSingle</include>
	<posx>530</posx>
	<posy>210</posy>
	<width>68</width>
	<height>68</height>
	<onleft>89</onleft>
	<onright>8</onright>
	<onup>80</onup>
	<ondown>32</ondown>
	</control>
	<control type="button" id="307">
	<description>IP Input button</description>
	<include>Objects_KeyboardDouble</include>
	<posx>0</posx>
	<posy>280</posy>
	<width>178</width>
	<height>68</height>
	<label>IP</label>
	<onleft>57</onleft>
	<onright>48</onright>
	<onup>307</onup>
	<ondown>302</ondown>
	</control>
	<control type="button" id="8">
	<description>BACKSPACE button</description>
	<posx>600</posx>
	<posy>210</posy>
	<width>278</width>
	<height>68</height>
	<label>20181</label>
	<textwidth>250</textwidth>
	<onleft>90</onleft>
	<onright>304</onright>
	<onup>81</onup>
	<ondown>305</ondown>
	<texturenofocus>darkgrey.png</texturenofocus>
	<texturefocus>grey.png</texturefocus>
	<align>center</align>
	<aligny>center</aligny>
	<font>Font_18A</font>
	</control>
	<control type="button" id="32">
	<description>SPACE button</description>
	<posx>180</posx>
	<posy>280</posy>
	<width>418</width>
	<height>68</height>
	<label>20182</label>
	<textwidth>380</textwidth>
	<onleft>300</onleft>
	<onright>305</onright>
	<onup>85</onup>
	<ondown>48</ondown>
	<texturenofocus>darkgrey.png</texturenofocus>
	<texturefocus>grey.png</texturefocus>
	<align>center</align>
	<aligny>center</aligny>
	<font>Font_18A</font>
	</control>
	<control type="button" id="305">
	<description>previous button</description>
	<include>Objects_KeyboardDouble</include>
	<posx>600</posx>
	<posy>280</posy>
	<width>138</width>
	<height>68</height>
	<label>&lt;</label>
	<onleft>32</onleft>
	<onright>306</onright>
	<onup>8</onup>
	<ondown>54</ondown>
	</control>
	<control type="button" id="306">
	<description>next button</description>
	<include>Objects_KeyboardDouble</include>
	<posx>740</posx>
	<posy>280</posy>
	<width>138</width>
	<height>68</height>
	<label>&gt;</label>
	<onleft>305</onleft>
	<onright>300</onright>
	<onup>8</onup>
	<ondown>56</ondown>
	</control>
	</control>
	</control>
	</controls>
	</window>