	<!-- Aeon MQ 5 -->

	<window id="139">
	<defaultcontrol always="true">5</defaultcontrol>
	<coordinates>
	<system>1</system>
	<posx>0</posx>
	<posy>48</posy>
	</coordinates>
	<controls>
	<control type="group">
	<animation effect="slide" start="0,-326" end="0,0" time="500" tween="cubic" easing="out" delay="200">WindowOpen</animation>
	<control type="image">
	<posx>0</posx>
	<posy>0</posy>
	<width>1280</width>
	<height>320</height>
	<texture>black.png</texture>
	<colordiffuse>E4FFFFFF</colordiffuse>
	<animation effect="fade" time="200">WindowClose</animation>
	<animation effect="fade" end="80" condition="true">Conditional</animation>
	</control>
	<control type="image">
	<posx>0</posx>
	<posy>-49</posy>
	<width>1280</width>
	<height>50</height>
	<texture>black.png</texture>
	<animation effect="slide" start="0,-49" end="0,0" time="300" tween="cubic" easing="out" delay="0">WindowOpen</animation>
	<animation effect="fade" time="200">WindowClose</animation>
	</control>
	<control type="label">
	<description>header label</description>
	<posx>55</posx>
	<posy>-38</posy>
	<width>1169</width>
	<height>30</height>
	<font>Font_18</font>
	<label>13406</label>
	<align>center</align>
	<aligny>center</aligny>
	<animation effect="fade" time="1000">WindowOpen</animation>
	<animation effect="fade" time="200">WindowClose</animation>
	</control>
	<control type="list" id="5">
	<posx>0</posx>
	<posy>0</posy>
	<width>1280</width>
	<height>319</height>
	<onleft>80</onleft>
	<onright>80</onright>
	<onup>5</onup>
	<ondown>5</ondown>
	<pagecontrol>80</pagecontrol>
	<scrolltime>200</scrolltime>
	<itemlayout height="35">
	<control type="label">
	<posx>640</posx>
	<posy>0</posy>
	<width>390</width>
	<height>35</height>
	<aligny>center</aligny>
	<textcolor>FFFFFAF0</textcolor>
	<align>right</align>
	<label>[COLOR=$VAR[value_headercolor]]$INFO[ListItem.Label] : [/COLOR]</label>
	</control>
	<control type="label">
	<posx>640</posx>
	<posy>0</posy>
	<width>390</width>
	<height>35</height>
	<aligny>center</aligny>
	<textcolor>FFFFFAF0</textcolor>
	<align>left</align>
	<info>ListItem.Label2</info>
	</control>
	</itemlayout>
	<focusedlayout height="35">
	<control type="image">
	<posx>0</posx>
	<posy>0</posy>
	<width>1280</width>
	<height>35</height>
	<texture>settings_button_focus.png</texture>
	</control>
	<control type="label">
	<posx>640</posx>
	<posy>0</posy>
	<width>390</width>
	<height>35</height>
	<aligny>center</aligny>
	<textcolor>E4101010</textcolor>
	<align>right</align>
	<label>[COLOR=$VAR[value_headercolor]]$INFO[ListItem.Label] : [/COLOR]</label>
	</control>
	<control type="label">
	<posx>640</posx>
	<posy>0</posy>
	<width>390</width>
	<height>35</height>
	<aligny>center</aligny>
	<textcolor>E4101010</textcolor>
	<align>left</align>
	<info>ListItem.Label2</info>
	</control>
	</focusedlayout>
	</control>
	</control>

	<control type="scrollbar" id="80">
	<include>ScrollBar_Vertical</include>
	<posx>1227</posx>
	<posy>20</posy>
	<height>290</height>
	<onleft>5</onleft>
	<onright>5</onright>
	</control>
	</controls>
	</window>