	<!-- Aeon MQ 5 -->

	<window>
	<defaultcontrol always="true">9</defaultcontrol>
	<coordinates>
	<system>1</system>
	</coordinates>
	<controls>
	<control type="group">
	<include>Animation_DialogPopup</include>
	<control type="image">
	<posx>110</posx>
	<posy>0</posy>
	<width>30</width>
	<height>720</height>
	<texture flipx="true">shadow.png</texture>
	<colordiffuse>C3FFFFFF</colordiffuse>
	</control>
	<control type="image">
	<posx>1140</posx>
	<posy>0</posy>
	<width>30</width>
	<height>720</height>
	<texture>shadow.png</texture>
	<colordiffuse>C3FFFFFF</colordiffuse>
	</control>
	<control type="image">
	<posx>140</posx>
	<posy>0</posy>
	<width>1000</width>
	<height>720</height>
	<texture>darkgrey.png</texture>
	<colordiffuse>$VAR[value_texturecolor]</colordiffuse>
	<include>Animation_DefaultGlass</include>
	</control>
	<control type="image">
	<posx>140</posx>
	<posy>0</posy>
	<width>1000</width>
	<height>80</height>
	<texture>black.png</texture>
	<colordiffuse>90FFFFFF</colordiffuse>
	</control>
	<control type="label">
	<posx>215</posx>
	<posy>20</posy>
	<width>852</width>
	<height>30</height>
	<label>$LOCALIZE[19142]</label>
	<font>Font_32</font>
	<textcolor>FFFFFAF0</textcolor>
	<align>center</align>
	<aligny>center</aligny>
	<include>Animation_Fade</include>
	</control>
	<control type="image">
	<posx>141</posx>
	<posy>129</posy>
	<width>998</width>
	<height>40</height>
	<texture>black.png</texture>
	<colordiffuse>90FFFFFF</colordiffuse>
	<bordertexture border="-1">grey.png</bordertexture>
	<animation effect="fade" start="100" end="30" time="50" condition="!Control.Hasfocus(9)">conditional</animation>
	</control>
	<control type="group">
	<posx>140</posx>
	<control type="label"><!-- Search string -->
	<posx>350</posx>
	<posy>100</posy>
	<width>300</width>
	<height>25</height>
	<align>center</align>
	<aligny>center</aligny>
	<font>Font_18</font>
	<textcolor>FFFFFAF0</textcolor>
	<label>$LOCALIZE[19133]:</label>
	</control>	
	<control type="edit" id="9"><!-- Search string -->
	<posx>1</posx>
	<posy>129</posy>
	<width>998</width>
	<height>40</height>
	<align>center</align>
	<aligny>center</aligny>
	<font>Font_18A</font>
	<textcolor>FFFFFAF0</textcolor>
	<focusedcolor>FFFFFAF0</focusedcolor>
	<onleft>25</onleft>
	<onright>26</onright>
	<onup>26</onup>
	<ondown>10</ondown>
	</control>
	<control type="textbox"><!-- Search help -->
	<posx>50</posx>
	<posy>175</posy>
	<width>900</width>
	<height>120</height>
	<font>Font_18A</font>
	<align>center</align>
	<textcolor>80FFFAF0</textcolor>
	<label>$LOCALIZE[19001] $LOCALIZE[19002]</label>
	</control>
	<control type="radiobutton" id="10"><!-- Include Description -->
	<include>PVRSearchButton</include>
	<posx>0</posx>
	<posy>240</posy>
	<label>19134</label>
	<onleft>12</onleft>
	<onright>12</onright>
	<onup>9</onup>
	<ondown>11</ondown>
	</control>
	<control type="radiobutton" id="11"><!-- No repeat -->
	<include>PVRSearchButton</include>
	<posx>0</posx>
	<posy>270</posy>
	<label>19135</label>
	<onleft>13</onleft>
	<onright>13</onright>
	<onup>10</onup>
	<ondown>14</ondown>
	</control>
	<control type="spincontrolex" id="12"><!-- Min Duration -->
	<include>PVRSearchButton</include>
	<posx>500</posx>
	<posy>240</posy>
	<label>19130</label>
	<onright>10</onright>
	<onleft>10</onleft>
	<onup>9</onup>
	<ondown>13</ondown>
	</control>
	<control type="spincontrolex" id="13"><!-- Max Duration -->
	<include>PVRSearchButton</include>
	<posx>500</posx>
	<posy>270</posy>
	<label>19131</label>
	<onright>11</onright>
	<onleft>11</onleft>
	<onup>12</onup>
	<ondown>16</ondown>
	</control>
	<control type="edit" id="14"><!-- Start Date -->
	<include>PVRSearchButton</include>
	<posx>0</posx>
	<posy>300</posy>
	<label>19128</label>
	<onright>16</onright>
	<onleft>16</onleft>
	<onup>11</onup>
	<ondown>15</ondown>
	</control>
	<control type="edit" id="15"><!-- Stop Date -->
	<include>PVRSearchButton</include>
	<posx>0</posx>
	<posy>330</posy>
	<label>19129</label>
	<onright>17</onright>
	<onleft>17</onleft>
	<onup>14</onup>
	<ondown>18</ondown>
	</control>
	<control type="edit" id="16"><!-- Start time -->
	<include>PVRSearchButton</include>
	<posx>500</posx>
	<posy>300</posy>
	<label>19126</label>
	<onright>14</onright>
	<onleft>14</onleft>
	<onup>13</onup>
	<ondown>17</ondown>
	</control>
	<control type="edit" id="17"><!-- Stop time -->
	<include>PVRSearchButton</include>
	<posx>500</posx>
	<posy>330</posy>
	<label>19127</label>
	<onright>15</onright>
	<onleft>15</onleft>
	<onup>16</onup>
	<ondown>19</ondown>
	</control>
	<control type="spincontrolex" id="18"><!-- Genre -->
	<include>PVRSearchButton</include>
	<posx>0</posx>
	<posy>360</posy>
	<label>515</label>
	<onright>19</onright>
	<onleft>19</onleft>
	<onup>15</onup>
	<ondown>20</ondown>
	</control>
	<control type="radiobutton" id="19"><!-- Avoid repeats -->
	<include>PVRSearchButton</include>
	<posx>500</posx>
	<posy>360</posy>
	<label>19121</label>
	<onright>18</onright>
	<onleft>18</onleft>
	<onup>17</onup>
	<ondown>21</ondown>
	</control>
	<control type="radiobutton" id="20"><!-- Include unknown Genres -->
	<include>PVRSearchButton</include>
	<posx>0</posx>
	<posy>390</posy>
	<label>19132</label>
	<onleft>21</onleft>
	<onright>21</onright>
	<onup>18</onup>
	<ondown>22</ondown>
	</control>
	<control type="spincontrolex" id="21"><!-- Groups -->
	<include>PVRSearchButton</include>
	<posx>500</posx>
	<posy>390</posy>
	<label>19146</label>
	<onright>20</onright>
	<onleft>20</onleft>
	<onup>19</onup>
	<ondown>23</ondown>
	</control>
	<control type="radiobutton" id="22"><!-- FTA only -->
	<include>PVRSearchButton</include>
	<posx>0</posx>
	<posy>420</posy>
	<label>19123</label>
	<onleft>23</onleft>
	<onright>23</onright>
	<onup>20</onup>
	<ondown>24</ondown>
	</control>
	<control type="spincontrolex" id="23"><!-- Channels -->
	<include>PVRSearchButton</include>
	<posx>500</posx>
	<posy>420</posy>
	<label>19148</label>
	<onleft>22</onleft>
	<onright>22</onright>
	<onup>21</onup>
	<ondown>27</ondown>
	</control>
	<control type="radiobutton" id="24"><!-- Ignore Timers -->
	<include>PVRSearchButton</include>
	<posx>0</posx>
	<posy>450</posy>
	<label>19124</label>
	<onleft>27</onleft>
	<onright>27</onright>
	<onup>22</onup>
	<ondown>26</ondown>
	</control>
	<control type="radiobutton" id="27"><!-- Ignore Recordings -->
	<include>PVRSearchButton</include>
	<posx>500</posx>
	<posy>450</posy>
	<label>19124</label>
	<onleft>24</onleft>
	<onright>24</onright>
	<onup>23</onup>
	<ondown>26</ondown>
	</control>
	<control type="image">
	<posx>500</posx>
	<posy>240</posy>
	<width>2</width>
	<height>240</height>
	<texture>separator_v.png</texture>
	</control>
	</control>
	<control type="image">
	<posx>140</posx>
	<posy>600</posy>
	<height>40</height>
	<width>1000</width>
	<texture>black.png</texture>
	<colordiffuse>90FFFFFF</colordiffuse>
	</control>
	<control type="grouplist" id="9000">
	<posx>140</posx>
	<posy>600</posy>
	<onup>9</onup>
	<ondown>9</ondown>
	<orientation>horizontal</orientation>
	<itemgap>0</itemgap>
	<control type="button" id="28"><!-- Defaults -->
	<width>333</width>
	<include>SettingsBottomButton</include>
	<label>409</label>
	</control>
	<control type="button" id="25"><!-- Cancelar -->
	<width>333</width>
	<include>SettingsBottomButton</include>
	<label>222</label>
	</control>
	<control type="button" id="26"><!-- Procurar -->
	<width>333</width>
	<include>SettingsBottomButton</include>
	<label>137</label>
	</control>
	</control>
	</control>
	</controls>
	</window>
