<?xml version="1.0" encoding="UTF-8" standalone="yes"?>
<addon id="repository.TheWiz" name="TheWiz Hebrew Add-Ons" version="1.1.0" provider-name="TheWiz">
    <extension point="xbmc.addon.repository" name="TheWiz Hebrew Add-Ons">
        <info compressed="true">http://thewiz.co.il/xbmc/addons.xml</info>
        <checksum>http://thewiz.co.il/xbmc/addons.xml.md5</checksum>
        <datadir zip="true">http://thewiz.co.il/xbmc/</datadir>
    </extension>		
    <extension point="xbmc.addon.metadata">
        <platform>all</platform>
        <summary lang="en">A repository for all Hebrew must have Add-On. All updated</summary>
        <summary lang="he">תוספים מומלצים ומעודכנים</summary>
        <description lang="en">Sratim Movie Scraper, Missing Movie and TV Show Scanner and more</description>
        <description lang="he">סקרייפר אתר סרטים, כותביות בעברית לסרטים וסדרות, עשרות סקינים בעברית ועוד</description>
    </extension>
</addon>