<parserConfig>	<GameGrammar type="multiline">				<SkippableContent skipTo="&lt;h3 class='list'&gt;&lt;a href=&quot;" closeStmnt="true"></SkippableContent>		<SkippableContent closeStmnt="true">&lt;h3 class='list'&gt;&lt;a href=&quot;</SkippableContent>		<url closeStmnt="true" skipTo="&quot;&gt;" appendResultTo="http://www.mobygames.com"></url>		<SkippableContent closeStmnt="true">&quot;&gt;</SkippableContent>		<SearchKey closeStmnt="true" skipTo="&lt;/a&gt;"></SearchKey>	</GameGrammar></parserConfig>