<parserConfig>	<GameGrammar type="multiline">		<SkippableContent skipTo="&lt;div class='screen-thumbs'&gt;" closeStmnt="true"></SkippableContent>		<SkippableContent closeStmnt="true">&lt;div class='screen-thumbs'&gt;</SkippableContent>				<SkippableContent skipTo="&lt;a href=&quot;" closeStmnt="true" optional="true"></SkippableContent>		<SkippableContent closeStmnt="true" optional="true">&lt;a href=&quot;</SkippableContent>		<url closeStmnt="true" skipTo="&quot;" appendResultTo="http://www.mobygames.com"></url>	</GameGrammar></parserConfig>