<parserConfig>
	<GameGrammar type="multiline">
		<SkippableContent closeStmnt="true" skipTo="&lt;p&gt;Front Cover&lt;/p&gt;" ></SkippableContent>
		<SkippableContent closeStmnt="true">&lt;p&gt;Front Cover&lt;/p&gt;</SkippableContent>
		<SkippableContent closeStmnt="true" skipTo="&lt;div class='thumb'" ></SkippableContent>
		<SkippableContent closeStmnt="true">&lt;div class='thumb'</SkippableContent>
		<SkippableContent closeStmnt="true" skipTo="&lt;a href='" ></SkippableContent>
		<SkippableContent closeStmnt="true">&lt;a href='</SkippableContent>
		<url closeStmnt="true" skipTo="'" appendResultTo="http://www.mobygames.com"></url>
		<SkippableContent closeStmnt="true" skipTo="&lt;p&gt;Back Cover&lt;/p&gt;" ></SkippableContent>
		<SkippableContent closeStmnt="true">&lt;p&gt;Back Cover&lt;/p&gt;</SkippableContent>
	</GameGrammar>
</parserConfig>