<parserConfig>	<GameGrammar type="multiline">					<SkippableContent skipTo="&lt;h1 class='hdr1'&gt;" closeStmnt="true"></SkippableContent>		<SkippableContent closeStmnt="true">&lt;h1 class='hdr1'&gt;</SkippableContent>		<Game closeStmnt="true" skipTo="&lt;/h1&gt;"></Game>					<SkippableContent skipTo="&lt;div class='listing'&gt;Released&lt;/div&gt;" closeStmnt="true"></SkippableContent>		<SkippableContent closeStmnt="true">&lt;div class='listing'&gt;Released&lt;/div&gt;</SkippableContent>		<SkippableContent closeStmnt="true" skipTo="&quot;&gt;"></SkippableContent>		<SkippableContent closeStmnt="true">&quot;&gt;</SkippableContent>		<ReleaseYear closeStmnt="true" skipTo="&lt;/a&gt;"></ReleaseYear>			<SkippableContent skipTo="&lt;div class='listing'&gt;Published by&lt;/div&gt;" closeStmnt="true"></SkippableContent>		<SkippableContent closeStmnt="true">&lt;div class='listing'&gt;Published by&lt;/div&gt;</SkippableContent>		<SkippableContent closeStmnt="true" skipTo="&quot;&gt;"></SkippableContent>		<SkippableContent closeStmnt="true">&quot;&gt;</SkippableContent>		<Publisher closeStmnt="true" skipTo="&lt;/a&gt;"></Publisher>			<SkippableContent skipTo="&lt;div class='listing'&gt;Developed by&lt;/div&gt;" closeStmnt="true"></SkippableContent>		<SkippableContent closeStmnt="true">&lt;div class='listing'&gt;Developed by&lt;/div&gt;</SkippableContent>		<SkippableContent closeStmnt="true" skipTo="&quot;&gt;"></SkippableContent>		<SkippableContent closeStmnt="true">&quot;&gt;</SkippableContent>				<Developer closeStmnt="true" skipTo="&lt;/a&gt;"></Developer>				<SkippableContent skipTo="&lt;div class='listing'&gt;Genre&lt;/div&gt;" closeStmnt="true"></SkippableContent>		<SkippableContent closeStmnt="true">&lt;div class='listing'&gt;Genre&lt;/div&gt;</SkippableContent>		<SkippableContent closeStmnt="true" skipTo="&quot;&gt;"></SkippableContent>		<SkippableContent closeStmnt="true">&quot;&gt;</SkippableContent>		<Genre closeStmnt="true" skipTo="&lt;/a&gt;" optional="true"></Genre>				<SkippableContent skipTo="&lt;div class='listing'&gt;Perspective&lt;/div&gt;" closeStmnt="true"></SkippableContent>		<SkippableContent closeStmnt="true">&lt;div class='listing'&gt;Perspective&lt;/div&gt;</SkippableContent>		<SkippableContent closeStmnt="true" skipTo="&quot;&gt;"></SkippableContent>		<SkippableContent closeStmnt="true">&quot;&gt;</SkippableContent>		<Perspective closeStmnt="true" skipTo="&lt;/a&gt;" optional="true"></Perspective>						<SkippableContent closeStmnt="true" optional="true" skipTo="&lt;div class='listing'&gt;Groups&lt;/div&gt;"></SkippableContent>		<SkippableContent closeStmnt="true" optional="true">&lt;div class='listing'&gt;Groups&lt;/div&gt;</SkippableContent>		<SkippableContent closeStmnt="true" skipTo="&lt;/a&gt;&lt;/div&gt;"></SkippableContent>		<SkippableContent closeStmnt="true">&lt;/a&gt;&lt;/div&gt;</SkippableContent>		<SkippableContent closeStmnt="true" skipTo="&lt;/div&gt;"></SkippableContent>		<SkippableContent closeStmnt="true">&lt;/div&gt;</SkippableContent>		<Description closeStmnt="true" skipTo="&lt;br /&gt;&lt;br /&gt;" optional="true"></Description>			</GameGrammar></parserConfig>